0,AAA,75110483
0,AAT,48759624
0,AAC,34315294
0,AAG,48342604
0,TAT,44841593
0,GAT,30704357
0,CAT,42763966
0,ACA,52241385
0,ACT,37044609
0,ACC,26931993
0,ACG,5235606
0,TCT,55953946
0,GCT,32980744
0,CCT,41451490
0,TAA,42697790
0,TAC,26152500
0,TAG,30889281
0,GAA,46273620
0,CAA,42446110
0,TCA,43651936
0,TCC,37277830
0,TCG,4606765
0,GCA,32031577
0,CCA,41957308
0,CAC,37003398
0,CAG,47668741
0,GAG,40530171
0,CCC,30706088
0,CCG,5076819
0,GCG,4117035
0,GAC,23982394
0,GCC,24275793
1,AAA,81301824
1,AAT,52443601
1,AAC,37448236
1,AAG,52876284
1,TAT,48128142
1,GAT,33412792
1,CAT,46578959
1,ACA,57300890
1,ACT,40440776
1,ACC,29738525
1,ACG,5912793
1,TCT,61241665
1,GCT,36521429
1,CCT,45876608
1,TAA,46125377
1,TAC,28431615
1,TAG,33580924
1,GAA,50425334
1,CAA,46217425
1,TCA,47641624
1,TCC,41141542
1,TCG,5184933
1,GCA,35329001
1,CCA,46289594
1,CAC,40997721
1,CAG,52767012
1,GAG,44856262
1,CCC,34216099
1,CCG,5781260
1,GCG,4679250
1,GAC,26515410
1,GCC,27067395
