4:116814337-116814338,129P2_OlaHsd,0,A,G
4:116814337-116814338,129S1_SvImJ,0,A,G
4:116814337-116814338,129S5SvEvBrd,0,A,G
4:116814337-116814338,AKR_J,0,A,G
4:116814337-116814338,A_J,2,A,G
4:116814337-116814338,BALB_cJ,2,A,G
4:116814337-116814338,BTBR_T+_Itpr3tf_J,2,A,G
4:116814337-116814338,BUB_BnJ,2,A,G
4:116814337-116814338,C3H_HeH,2,A,G
4:116814337-116814338,C3H_HeJ,2,A,G
4:116814337-116814338,C57BL_10J,0,A,G
4:116814337-116814338,C57BL_6NJ,0,A,G
4:116814337-116814338,C57BR_cdJ,0,A,G
4:116814337-116814338,C57L_J,0,A,G
4:116814337-116814338,C58_J,0,A,G
4:116814337-116814338,CAST_EiJ,2,A,G
4:116814337-116814338,CBA_J,2,A,G
4:116814337-116814338,DBA_1J,2,A,G
4:116814337-116814338,DBA_2J,2,A,G
4:116814337-116814338,FVB_NJ,2,A,G
4:116814337-116814338,I_LnJ,2,A,G
4:116814337-116814338,KK_HiJ,0,A,G
4:116814337-116814338,LEWES_EiJ,2,A,G
4:116814337-116814338,LP_J,0,A,G
4:116814337-116814338,MOLF_EiJ,2,A,G
4:116814337-116814338,NOD_ShiLtJ,2,A,G
4:116814337-116814338,NZB_B1NJ,0,A,G
4:116814337-116814338,NZO_HlLtJ,0,A,G
4:116814337-116814338,NZW_LacJ,0,A,G
4:116814337-116814338,PWK_PhJ,2,A,G
4:116814337-116814338,RF_J,2,A,G
4:116814337-116814338,SEA_GnJ,0,A,G
4:116814337-116814338,SPRET_EiJ,2,A,G
4:116814337-116814338,ST_bJ,2,A,G
4:116814337-116814338,WSB_EiJ,2,A,G
4:116814337-116814338,ZALENDE_EiJ,2,A,G
4:116814394-116814394,129P2_OlaHsd,0,C,T
4:116814394-116814394,129S1_SvImJ,0,C,T
4:116814394-116814394,129S5SvEvBrd,0,C,T
4:116814394-116814394,AKR_J,0,C,T
4:116814394-116814394,A_J,2,C,T
4:116814394-116814394,BALB_cJ,0,C,T
4:116814394-116814394,BTBR_T+_Itpr3tf_J,0,C,T
4:116814394-116814394,BUB_BnJ,0,C,T
4:116814394-116814394,C3H_HeH,0,C,T
4:116814394-116814394,C3H_HeJ,0,C,T
4:116814394-116814394,C57BL_10J,0,C,T
4:116814394-116814394,C57BL_6NJ,0,C,T
4:116814394-116814394,C57BR_cdJ,0,C,T
4:116814394-116814394,C57L_J,0,C,T
4:116814394-116814394,C58_J,0,C,T
4:116814394-116814394,CAST_EiJ,0,C,T
4:116814394-116814394,CBA_J,0,C,T
4:116814394-116814394,DBA_1J,2,C,T
4:116814394-116814394,DBA_2J,2,C,T
4:116814394-116814394,FVB_NJ,0,C,T
4:116814394-116814394,I_LnJ,0,C,T
4:116814394-116814394,KK_HiJ,0,C,T
4:116814394-116814394,LEWES_EiJ,2,C,T
4:116814394-116814394,LP_J,0,C,T
4:116814394-116814394,MOLF_EiJ,0,C,T
4:116814394-116814394,NOD_ShiLtJ,0,C,T
4:116814394-116814394,NZB_B1NJ,0,C,T
4:116814394-116814394,NZO_HlLtJ,0,C,T
4:116814394-116814394,NZW_LacJ,0,C,T
4:116814394-116814394,PWK_PhJ,0,C,T
4:116814394-116814394,RF_J,0,C,T
4:116814394-116814394,SEA_GnJ,0,C,T
4:116814394-116814394,SPRET_EiJ,2,C,T
4:116814394-116814394,ST_bJ,2,C,T
4:116814394-116814394,WSB_EiJ,2,C,T
4:116814394-116814394,ZALENDE_EiJ,0,C,T
4:116815657-116815658,129P2_OlaHsd,0,C,G
4:116815657-116815658,129S1_SvImJ,0,C,G
4:116815657-116815658,129S5SvEvBrd,0,C,G
4:116815657-116815658,AKR_J,0,C,G
4:116815657-116815658,A_J,2,C,G
4:116815657-116815658,BALB_cJ,0,C,G
4:116815657-116815658,BTBR_T+_Itpr3tf_J,0,C,G
4:116815657-116815658,BUB_BnJ,0,C,G
4:116815657-116815658,C3H_HeH,0,C,G
4:116815657-116815658,C3H_HeJ,0,C,G
4:116815657-116815658,C57BL_10J,0,C,G
4:116815657-116815658,C57BL_6NJ,0,C,G
4:116815657-116815658,C57BR_cdJ,0,C,G
4:116815657-116815658,C57L_J,0,C,G
4:116815657-116815658,C58_J,0,C,G
4:116815657-116815658,CAST_EiJ,2,C,G
4:116815657-116815658,CBA_J,0,C,G
4:116815657-116815658,DBA_1J,2,C,G
4:116815657-116815658,DBA_2J,2,C,G
4:116815657-116815658,FVB_NJ,0,C,G
4:116815657-116815658,I_LnJ,0,C,G
4:116815657-116815658,KK_HiJ,0,C,G
4:116815657-116815658,LEWES_EiJ,2,C,G
4:116815657-116815658,LP_J,0,C,G
4:116815657-116815658,MOLF_EiJ,0,C,G
4:116815657-116815658,NOD_ShiLtJ,0,C,G
4:116815657-116815658,NZB_B1NJ,0,C,G
4:116815657-116815658,NZO_HlLtJ,0,C,G
4:116815657-116815658,NZW_LacJ,0,C,G
4:116815657-116815658,PWK_PhJ,0,C,G
4:116815657-116815658,RF_J,0,C,G
4:116815657-116815658,SEA_GnJ,0,C,G
4:116815657-116815658,SPRET_EiJ,2,C,G
4:116815657-116815658,ST_bJ,2,C,G
4:116815657-116815658,WSB_EiJ,2,C,G
4:116815657-116815658,ZALENDE_EiJ,0,C,G
4:116817415-116817416,129P2_OlaHsd,0,A,C
4:116817415-116817416,129S1_SvImJ,0,A,C
4:116817415-116817416,129S5SvEvBrd,0,A,C
4:116817415-116817416,AKR_J,0,A,C
4:116817415-116817416,A_J,2,A,C
4:116817415-116817416,BALB_cJ,2,A,C
4:116817415-116817416,BTBR_T+_Itpr3tf_J,2,A,C
4:116817415-116817416,BUB_BnJ,2,A,C
4:116817415-116817416,C3H_HeH,2,A,C
4:116817415-116817416,C3H_HeJ,2,A,C
4:116817415-116817416,C57BL_10J,0,A,C
4:116817415-116817416,C57BL_6NJ,0,A,C
4:116817415-116817416,C57BR_cdJ,0,A,C
4:116817415-116817416,C57L_J,0,A,C
4:116817415-116817416,C58_J,0,A,C
4:116817415-116817416,CAST_EiJ,2,A,C
4:116817415-116817416,CBA_J,2,A,C
4:116817415-116817416,DBA_1J,2,A,C
4:116817415-116817416,DBA_2J,2,A,C
4:116817415-116817416,FVB_NJ,2,A,C
4:116817415-116817416,I_LnJ,2,A,C
4:116817415-116817416,KK_HiJ,0,A,C
4:116817415-116817416,LEWES_EiJ,2,A,C
4:116817415-116817416,LP_J,0,A,C
4:116817415-116817416,MOLF_EiJ,2,A,C
4:116817415-116817416,NOD_ShiLtJ,2,A,C
4:116817415-116817416,NZB_B1NJ,0,A,C
4:116817415-116817416,NZO_HlLtJ,0,A,C
4:116817415-116817416,NZW_LacJ,0,A,C
4:116817415-116817416,PWK_PhJ,2,A,C
4:116817415-116817416,RF_J,2,A,C
4:116817415-116817416,SEA_GnJ,0,A,C
4:116817415-116817416,SPRET_EiJ,2,A,C
4:116817415-116817416,ST_bJ,2,A,C
4:116817415-116817416,WSB_EiJ,2,A,C
4:116817415-116817416,ZALENDE_EiJ,2,A,C
4:116817418-116817419,129P2_OlaHsd,0,T,C
4:116817418-116817419,129S1_SvImJ,0,T,C
4:116817418-116817419,129S5SvEvBrd,0,T,C
4:116817418-116817419,AKR_J,0,T,C
4:116817418-116817419,A_J,2,T,C
4:116817418-116817419,BALB_cJ,2,T,C
4:116817418-116817419,BTBR_T+_Itpr3tf_J,2,T,C
4:116817418-116817419,BUB_BnJ,2,T,C
4:116817418-116817419,C3H_HeH,2,T,C
4:116817418-116817419,C3H_HeJ,2,T,C
4:116817418-116817419,C57BL_10J,0,T,C
4:116817418-116817419,C57BL_6NJ,0,T,C
4:116817418-116817419,C57BR_cdJ,0,T,C
4:116817418-116817419,C57L_J,0,T,C
4:116817418-116817419,C58_J,0,T,C
4:116817418-116817419,CAST_EiJ,0,T,C
4:116817418-116817419,CBA_J,2,T,C
4:116817418-116817419,DBA_1J,2,T,C
4:116817418-116817419,DBA_2J,2,T,C
4:116817418-116817419,FVB_NJ,2,T,C
4:116817418-116817419,I_LnJ,0,T,C
4:116817418-116817419,KK_HiJ,0,T,C
4:116817418-116817419,LEWES_EiJ,2,T,C
4:116817418-116817419,LP_J,0,T,C
4:116817418-116817419,MOLF_EiJ,0,T,C
4:116817418-116817419,NOD_ShiLtJ,2,T,C
4:116817418-116817419,NZB_B1NJ,0,T,C
4:116817418-116817419,NZO_HlLtJ,0,T,C
4:116817418-116817419,NZW_LacJ,0,T,C
4:116817418-116817419,PWK_PhJ,0,T,C
4:116817418-116817419,RF_J,2,T,C
4:116817418-116817419,SEA_GnJ,0,T,C
4:116817418-116817419,SPRET_EiJ,0,T,C
4:116817418-116817419,ST_bJ,2,T,C
4:116817418-116817419,WSB_EiJ,2,T,C
4:116817418-116817419,ZALENDE_EiJ,2,T,C
